[
 {
  "recipeID": 1,
  "title": "Omlet1",
  "author": "Mike",
  "serving": "23",
  "ingredients": {
   "Sugar": "1 tsp"
  },
  "instructions": "A million years ago Mike decided to cook a salty omlet"
 },
 {
  "recipeID": 2,
  "title": "Mushroom Soup",
  "author": "Adrian",
  "serving": 2,
  "ingredients": {
   "Sugar": "1 tsp",
   "Salt": "1 kg",
   "Eggs": "1"
  },
  "instructions": "A mil12312lion years ago Mike decided to cook a salty omlet"
 },
 {
  "recipeID": 3,
  "title": "Tiramisu",
  "author": "Avi",
  "serving": "5",
  "ingredients": {
   "Sugar": "1 tsp"
  },
  "instructions": "A mil12312lion years ago Mike decided to cook a salty omlet"
 },
 {
  "recipeID": 4,
  "title": "Tiramisu",
  "author": "Avi",
  "serving": 2,
  "ingredients": {
   "Sugar": "1 tsp",
   "Salt": "1 kg",
   "Eggs": "1"
  },
  "instructions": "A mil12312lion years ago Mike decided to cook a salty omlet"
 },
 {
  "recipeID": 5,
  "title": "Tiramisu",
  "author": "Avi",
  "serving": 2,
  "ingredients": {
   "Sugar": "1 tsp",
   "Salt": "1 kg",
   "Eggs": "1"
  },
  "instructions": "A mil12312lion years ago Mike decided to cook a salty omlet"
 },
 {
  "recipeID": 6,
  "title": "Tiramisu",
  "author": "Avi",
  "serving": 2,
  "ingredients": {
   "Sugar": "1 tsp",
   "Salt": "1 kg",
   "Eggs": "1"
  },
  "instructions": "A mil12312lion years ago Mike decided to cook a salty omlet"
 },
 {
  "recipeID": 7,
  "title": "Test",
  "author": "Test",
  "serving": "1",
  "ingredients": {
   "1": "st"
  },
  "instructions": "test"
 },
 {
  "recipeID": 8,
  "title": "",
  "author": "",
  "serving": "",
  "ingredients": {
   "": ""
  },
  "instructions": ""
 },
 {
  "recipeID": 9,
  "title": "",
  "author": "",
  "serving": "",
  "ingredients": {
   "": ""
  },
  "instructions": ""
 }
]